start_date,draftableid,displayname,position,firstname,lastname,shortname
9/8/2019,13041234,Zay Jones,WR,Zay,Jones,Z. Jones
9/8/2019,13040851,Zach Zenner,RB,Zach,Zenner,Z. Zenner
9/8/2019,13041005,Zach Pascal,WR,Zach,Pascal,Z. Pascal
9/8/2019,13040739,Zach Ertz,TE,Zach,Ertz,Z. Ertz
9/8/2019,13041457,Xavier Turner,RB,Xavier,Turner,X. Turner
9/8/2019,13041367,Wilton Speight,QB,Wilton,Speight,W. Speight
9/8/2019,13040860,Willie Snead IV,WR,Willie,Snead IV,W. Snead IV
9/8/2019,13040806,Will Tye,TE,Will,Tye,W. Tye
9/8/2019,13041320,Will Grier,QB,Will,Grier,W. Grier
9/8/2019,13041523,Will Dissly,TE,Will,Dissly,W. Dissly
9/8/2019,13041312,Wes Hills,RB,Wes,Hills,W. Hills
9/8/2019,13041134,Wendell Smallwood,RB,Wendell,Smallwood,W. Smallwood
9/8/2019,13041165,Wayne Gallman Jr.,RB,Wayne,Gallman Jr.,W. Gallman Jr.
9/8/2019,13040627,Virgil Green,TE,Virgil,Green,V. Green
9/8/2019,13041267,Vince Mayle,TE,Vince,Mayle,V. Mayle
9/8/2019,13040577,Vikings ,DST,Vikings,,Vikings
9/8/2019,13041270,Victor Bolden Jr.,WR,Victor,Bolden Jr.,V. Bolden Jr.
9/8/2019,13040597,Vernon Davis,TE,Vernon,Davis,V. Davis
9/8/2019,13041531,Ventell Bryant,WR,Ventell,Bryant,V. Bryant
9/8/2019,13041871,Valentine Holmes,RB,Valentine,Holmes,V. Holmes
9/8/2019,13041132,Tyrone Swoopes,TE,Tyrone,Swoopes,T. Swoopes
9/8/2019,13040654,Tyrod Taylor,QB,Tyrod,Taylor,T. Taylor
9/8/2019,13041379,Tyreek Hill,WR,Tyreek,Hill,T. Hill
9/8/2019,13041385,Tyree Mayfield,TE,Tyree,Mayfield,T. Mayfield
9/8/2019,13041679,Tyree Jackson,QB,Tyree,Jackson,T. Jackson
9/8/2019,13041425,Tyre Brady,WR,Tyre,Brady,T. Brady
9/8/2019,13040802,Tyler Ott,TE,Tyler,Ott,T. Ott
9/8/2019,13040917,Tyler Lockett,WR,Tyler,Lockett,T. Lockett
9/8/2019,13040866,Tyler Kroft,TE,Tyler,Kroft,T. Kroft
9/8/2019,13040906,Tyler Higbee,TE,Tyler,Higbee,T. Higbee
9/8/2019,13040904,Tyler Ervin,RB,Tyler,Ervin,T. Ervin
9/8/2019,13040756,Tyler Eifert,TE,Tyler,Eifert,T. Eifert
9/8/2019,13041570,Tyler Conklin,TE,Tyler,Conklin,T. Conklin
9/8/2019,13041198,Tyler Boyd,WR,Tyler,Boyd,T. Boyd
9/8/2019,13040883,Ty Montgomery,RB,Ty,Montgomery,T. Montgomery
9/8/2019,13041641,Ty Johnson,RB,Ty,Johnson,T. Johnson
9/8/2019,13041101,Troymaine Pope,RB,Troymaine,Pope,T. Pope
9/8/2019,13040971,Troy Niklas,TE,Troy,Niklas,T. Niklas
9/8/2019,13041358,Trey Quinn,WR,Trey,Quinn,T. Quinn
9/8/2019,13040791,Trevor Siemian,QB,Trevor,Siemian,T. Siemian
9/8/2019,13041787,Trevon Wesco,TE,Trevon,Wesco,T. Wesco
9/8/2019,13041734,Trenton Irwin,WR,Trenton,Irwin,T. Irwin
9/8/2019,13041851,Trenton Cannon,RB,Trenton,Cannon,T. Cannon
9/8/2019,13041169,Trent Taylor,WR,Trent,Taylor,T. Taylor
9/8/2019,13041487,Trent Sherfield,WR,Trent,Sherfield,T. Sherfield
9/8/2019,13268498,Tremon Smith,RB,Tremon,Smith,T. Smith
9/8/2019,13040879,Tre McBride,WR,Tre,McBride,T. McBride
9/8/2019,13041757,Trayveon Williams,RB,Trayveon,Williams,T. Williams
9/8/2019,13041552,Trayone Gray,RB,Trayone,Gray,T. Gray
9/8/2019,13040674,Travis Kelce,TE,Travis,Kelce,T. Kelce
9/8/2019,13041795,Travis Homer,RB,Travis,Homer,T. Homer
9/8/2019,13041548,Travis Fulgham,WR,Travis,Fulgham,T. Fulgham
9/8/2019,13040709,Travis Benjamin,WR,Travis,Benjamin,T. Benjamin
9/8/2019,13041501,Trace McSorley,QB,Trace,McSorley,T. McSorley
9/8/2019,13040652,Torrey Smith,WR,Torrey,Smith,T. Smith
9/8/2019,13041673,Tony Pollard,RB,Tony,Pollard,T. Pollard
9/8/2019,13041477,Tony Brooks-James,RB,Tony,Brooks-James,T. Brooks-James
9/8/2019,13040955,Tommylee Lewis,WR,Tommylee,Lewis,T. Lewis
9/8/2019,13041491,Tommy Sweeney,TE,Tommy,Sweeney,T. Sweeney
9/8/2019,13040762,Tom Savage,QB,Tom,Savage,T. Savage
9/8/2019,13041513,Tom Kennedy,WR,Tom,Kennedy,T. Kennedy
9/8/2019,13041058,Todd Gurley II,RB,Todd,Gurley II,T. Gurley II
9/8/2019,13040572,Titans ,DST,Titans,,Titans
9/8/2019,13041686,Tim White,WR,Tim,White,T. White
9/8/2019,13040923,Thomas Rawls,RB,Thomas,Rawls,T. Rawls
9/8/2019,13041074,Tevin Coleman,RB,Tevin,Coleman,T. Coleman
9/8/2019,13041849,Terry Wright,WR,Terry,Wright,T. Wright
9/8/2019,13041497,Terry McLaurin,WR,Terry,McLaurin,T. McLaurin
9/8/2019,13041655,Terry Godwin,WR,Terry,Godwin,T. Godwin
9/8/2019,13040683,Terrelle Pryor Sr.,WR,Terrelle,Pryor Sr.,T. Pryor Sr.
9/8/2019,13040961,Temarrick Hemingway,TE,Temarrick,Hemingway,T. Hemingway
9/8/2019,13041280,Taywan Taylor,WR,Taywan,Taylor,T. Taylor
9/8/2019,13040887,Taylor Heinicke,QB,Taylor,Heinicke,T. Heinicke
9/8/2019,13040768,Tavon Austin,WR,Tavon,Austin,T. Austin
9/8/2019,13041623,Taryn Christion,QB,Taryn,Christion,T. Christion
9/8/2019,13041148,Tanner Lee,QB,Tanner,Lee,T. Lee
9/8/2019,13041855,Tanner Hudson,TE,Tanner,Hudson,T. Hudson
9/8/2019,13041109,Tajae Sharpe,WR,Tajae,Sharpe,T. Sharpe
9/8/2019,13041604,Taj McGowan,RB,Taj,McGowan,T. McGowan
9/8/2019,13040718,T.Y. Hilton,WR,T.Y.,Hilton,T. Hilton
9/8/2019,13040985,T.J. Yeldon,RB,T.J.,Yeldon,T. Yeldon
9/8/2019,13041664,T.J. Rahming,WR,T.J.,Rahming,T. Rahming
9/8/2019,13041138,T.J. Logan,RB,T.J.,Logan,T. Logan
9/8/2019,13041799,T.J. Hockenson,TE,T.J.,Hockenson,T. Hockenson
9/8/2019,13041632,Steven Sims Jr.,WR,Steven,Sims Jr.,S. Sims Jr.
9/8/2019,13041504,Steve Ishmael,WR,Steve,Ishmael,S. Ishmael
9/8/2019,13041019,Sterling Shepard,WR,Sterling,Shepard,S. Shepard
9/8/2019,13041680,Stephen Carlson,WR,Stephen,Carlson,S. Carlson
9/8/2019,13041049,Stefon Diggs,WR,Stefon,Diggs,S. Diggs
9/8/2019,13041589,Stanley Morgan,WR,Stanley,Morgan,S. Morgan
9/8/2019,13040775,Spencer Ware,RB,Spencer,Ware,S. Ware
9/8/2019,13041238,Spencer Schnell,WR,Spencer,Schnell,S. Schnell
9/8/2019,13041179,Shelton Gibson,WR,Shelton,Gibson,S. Gibson
9/8/2019,13041809,Shawn Poindexter,WR,Shawn,Poindexter,S. Poindexter
9/8/2019,13041873,Shawn Bane,WR,Shawn,Bane,S. Bane
9/8/2019,13041414,Shaun Wilson,RB,Shaun,Wilson,S. Wilson
9/8/2019,13041113,Seth Roberts,WR,Seth,Roberts,S. Roberts
9/8/2019,13040981,Seth DeValve,TE,Seth,DeValve,S. DeValve
9/8/2019,13040814,Senorise Perry,RB,Senorise,Perry,S. Perry
9/8/2019,13041521,Sean Modster,WR,Sean,Modster,S. Modster
9/8/2019,13040831,Sean Mannion,QB,Sean,Mannion,S. Mannion
9/8/2019,13041011,Sean Culkin,TE,Sean,Culkin,S. Culkin
9/8/2019,13040584,Seahawks ,DST,Seahawks,,Seahawks
9/8/2019,13041593,Scotty Miller,WR,Scotty,Miller,S. Miller
9/8/2019,13040847,Scott Simonson,TE,Scott,Simonson,S. Simonson
9/8/2019,13041692,Saquon Barkley,RB,Saquon,Barkley,S. Barkley
9/8/2019,13040896,Sammy Watkins,WR,Sammy,Watkins,S. Watkins
9/8/2019,13041337,Samaje Perine,RB,Samaje,Perine,S. Perine
9/8/2019,13041666,Sam Darnold,QB,Sam,Darnold,S. Darnold
9/8/2019,13041479,Saeed Blacknall,WR,Saeed,Blacknall,S. Blacknall
9/8/2019,13041728,Ryquell Armstead,RB,Ryquell,Armstead,R. Armstead
9/8/2019,13041568,Ryan Yurachek,RB,Ryan,Yurachek,R. Yurachek
9/8/2019,13040639,Ryan Tannehill,QB,Ryan,Tannehill,R. Tannehill
9/8/2019,13040741,Ryan Hewitt,TE,Ryan,Hewitt,R. Hewitt
9/8/2019,13040711,Ryan Griffin,TE,Ryan,Griffin,R. Griffin
9/8/2019,13040592,Ryan Fitzpatrick,QB,Ryan,Fitzpatrick,R. Fitzpatrick
9/8/2019,13041146,Ryan Finley,QB,Ryan,Finley,R. Finley
9/8/2019,13040661,Russell Wilson,QB,Russell,Wilson,R. Wilson
9/8/2019,13040728,Russell Shepard,WR,Russell,Shepard,R. Shepard
9/8/2019,13041356,Russell Gage,WR,Russell,Gage,R. Gage
9/8/2019,13040890,Ross Travis,TE,Ross,Travis,R. Travis
9/8/2019,13041293,Ross Dwelley,TE,Ross,Dwelley,R. Dwelley
9/8/2019,13041667,Ronald Jones II,RB,Ronald,Jones II,R. Jones II
9/8/2019,13041430,Romello Brooker,TE,Romello,Brooker,R. Brooker
9/8/2019,13041583,Rodney Anderson,RB,Rodney,Anderson,R. Anderson
9/8/2019,13040810,Rod Smith,RB,Rod,Smith,R. Smith
9/8/2019,13040821,Robert Woods,WR,Robert,Woods,R. Woods
9/8/2019,13040676,Robert Griffin III,QB,Robert,Griffin III,R. Griffin III
9/8/2019,13041286,Robert Foster,WR,Robert,Foster,R. Foster
9/8/2019,13041208,Robert Davis,WR,Robert,Davis,R. Davis
9/8/2019,13040959,Robby Anderson,WR,Robby,Anderson,R. Anderson
9/8/2019,13041085,Rico Gathers,TE,Rico,Gathers,R. Gathers
9/8/2019,13041216,Ricky Seals-Jones,TE,Ricky,Seals-Jones,R. Seals-Jones
9/8/2019,13041064,Ricky Ortiz,RB,Ricky,Ortiz,R. Ortiz
9/8/2019,13041368,Richie James Jr.,WR,Richie,James Jr.,R. James Jr.
9/8/2019,13040948,Richard Rodgers,TE,Richard,Rodgers,R. Rodgers
9/8/2019,13041047,Ricardo Louis,WR,Ricardo,Louis,R. Louis
9/8/2019,13040650,Rhett Ellison,TE,Rhett,Ellison,R. Ellison
9/8/2019,13041402,Reggie White Jr.,WR,Reggie,White Jr.,R. White Jr.
9/8/2019,13041171,Reggie Davis,WR,Reggie,Davis,R. Davis
9/8/2019,13041421,Reggie Bonnafon,RB,Reggie,Bonnafon,R. Bonnafon
9/8/2019,13041117,Reece Horn,WR,Reece,Horn,R. Horn
9/8/2019,13041412,Reece Fountain,WR,Reece,Fountain,R. Fountain
9/8/2019,13040586,Redskins ,DST,Redskins,,Redskins
9/8/2019,13041608,Ray-Ray McCloud,WR,Ray-Ray,McCloud,R. McCloud
9/8/2019,13040589,Ravens ,DST,Ravens,,Ravens
9/8/2019,13041191,Rashard Higgins,WR,Rashard,Higgins,R. Higgins
9/8/2019,13041278,Rashard Davis,WR,Rashard,Davis,R. Davis
9/8/2019,13040881,Rashad Ross,WR,Rashad,Ross,R. Ross
9/8/2019,13041554,Rashaad Penny,RB,Rashaad,Penny,R. Penny
9/8/2019,13041845,Raphael Leonard,WR,Raphael,Leonard,R. Leonard
9/8/2019,13040715,Randall Cobb,WR,Randall,Cobb,R. Cobb
9/8/2019,13040575,Rams ,DST,Rams,,Rams
9/8/2019,13040933,Raheem Mostert,RB,Raheem,Mostert,R. Mostert
9/8/2019,13041560,Quinton Flowers,RB,Quinton,Flowers,Q. Flowers
9/8/2019,13040777,Quincy Enunwa,WR,Quincy,Enunwa,Q. Enunwa
9/8/2019,13041657,Quadree Henderson,WR,Quadree,Henderson,Q. Henderson
9/8/2019,13041441,Qadree Ollison,RB,Qadree,Ollison,Q. Ollison
9/8/2019,13041630,Preston Williams,WR,Preston,Williams,P. Williams
9/8/2019,13041262,Phillip Walker,QB,Phillip,Walker,P. Walker
9/8/2019,13040611,Philip Rivers,QB,Philip,Rivers,P. Rivers
9/8/2019,13041218,Pharoh Cooper,WR,Pharoh,Cooper,P. Cooper
9/8/2019,13041007,Pharaoh Brown,TE,Pharaoh,Brown,P. Brown
9/8/2019,13041214,Peyton Barber,RB,Peyton,Barber,P. Barber
9/8/2019,13041649,Penny Hart,WR,Penny,Hart,P. Hart
9/8/2019,13041041,Paxton Lynch,QB,Paxton,Lynch,P. Lynch
9/8/2019,13040838,Paul Richardson Jr.,WR,Paul,Richardson Jr.,P. Richardson Jr.
9/8/2019,13041015,Paul Perkins,RB,Paul,Perkins,P. Perkins
9/8/2019,13041003,Patrick Ricard,RB,Patrick,Ricard,P. Ricard
9/8/2019,13041545,Patrick Mahomes,QB,Patrick,Mahomes,P. Mahomes
9/8/2019,13041473,Patrick Laird,RB,Patrick,Laird,P. Laird
9/8/2019,13040672,Patrick DiMarco,RB,Patrick,DiMarco,P. DiMarco
9/8/2019,13041495,Parris Campbell,WR,Parris,Campbell,P. Campbell
9/8/2019,13040587,Panthers ,DST,Panthers,,Panthers
9/8/2019,13040763,Orson Charles,TE,Orson,Charles,O. Charles
9/8/2019,13041704,Olamide Zaccheaus,WR,Olamide,Zaccheaus,O. Zaccheaus
9/8/2019,13041599,Olabisi Johnson,WR,Olabisi,Johnson,O. Johnson
9/8/2019,13040853,Odell Beckham Jr.,WR,Odell,Beckham Jr.,O. Beckham Jr.
9/8/2019,13041154,O.J. Howard,TE,O.J.,Howard,O. Howard
9/8/2019,13041671,Nyheim Hines,RB,Nyheim,Hines,N. Hines
9/8/2019,13041398,Nsimba Webster,WR,Nsimba,Webster,N. Webster
9/8/2019,13041493,Noah Brown,WR,Noah,Brown,N. Brown
9/8/2019,13040670,Niles Paul,TE,Niles,Paul,N. Paul
9/8/2019,13040931,Nick Vannett,TE,Nick,Vannett,N. Vannett
9/8/2019,13040921,Nick O'Leary,TE,Nick,O'Leary,N. O'Leary
9/8/2019,13041257,Nick Mullens,QB,Nick,Mullens,N. Mullens
9/8/2019,13041861,Nick Keizer,TE,Nick,Keizer,N. Keizer
9/8/2019,13040668,Nick Foles,QB,Nick,Foles,N. Foles
9/8/2019,13041374,Nick Fitzgerald,QB,Nick,Fitzgerald,N. Fitzgerald
9/8/2019,13041829,Nick Easley,WR,Nick,Easley,N. Easley
9/8/2019,13041370,Nick Chubb,RB,Nick,Chubb,N. Chubb
9/8/2019,13040963,Nick Boyle,TE,Nick,Boyle,N. Boyle
9/8/2019,13040640,Nick Bellore,RB,Nick,Bellore,N. Bellore
9/8/2019,13041381,Nick Bawden,RB,Nick,Bawden,N. Bawden
9/8/2019,13041017,Nelson Agholor,WR,Nelson,Agholor,N. Agholor
9/8/2019,13041076,Nate Sudfeld,QB,Nate,Sudfeld,N. Sudfeld
9/8/2019,13041427,Nate Becker,TE,Nate,Becker,N. Becker
9/8/2019,13041581,Myles Gaskin,RB,Myles,Gaskin,M. Gaskin
9/8/2019,13040798,MyCole Pruitt,TE,MyCole,Pruitt,M. Pruitt
9/8/2019,13041779,Moritz Boehringer,TE,Moritz,Boehringer,M. Boehringer
9/8/2019,13040730,Mohamed Sanu,WR,Mohamed,Sanu,M. Sanu
9/8/2019,13041121,Mo Alie-Cox,TE,Mo,Alie-Cox,M. Alie-Cox
9/8/2019,13041805,Miles Sanders,RB,Miles,Sanders,M. Sanders
9/8/2019,13041724,Miles Boykin,WR,Miles,Boykin,M. Boykin
9/8/2019,13041167,Mike Williams,WR,Mike,Williams,M. Williams
9/8/2019,13041195,Mike White,QB,Mike,White,M. White
9/8/2019,13041645,Mike Weber,RB,Mike,Weber,M. Weber
9/8/2019,13041461,Mike Thomas,WR,Mike,Thomas,M. Thomas
9/8/2019,13041499,Mike Gesicki,TE,Mike,Gesicki,M. Gesicki
9/8/2019,13040877,Mike Evans,WR,Mike,Evans,M. Evans
9/8/2019,13041566,Mike Boone,RB,Mike,Boone,M. Boone
9/8/2019,13041696,Michael Walker,WR,Michael,Walker,M. Walker
9/8/2019,13041769,Michael Gallup,WR,Michael,Gallup,M. Gallup
9/8/2019,13040681,Michael Floyd,WR,Michael,Floyd,M. Floyd
9/8/2019,13268492,Michael Crabtree,WR,Michael,Crabtree,M. Crabtree
9/8/2019,13041297,Michael Colubiale,TE,Michael,Colubiale,M. Colubiale
9/8/2019,13040935,Melvin Gordon III,RB,Melvin,Gordon III,M. Gordon III
9/8/2019,13041791,Mecole Hardman,WR,Mecole,Hardman,M. Hardman
9/8/2019,13040987,Maxx Williams,TE,Maxx,Williams,M. Williams
9/8/2019,13041025,Max McCaffrey,WR,Max,McCaffrey,M. McCaffrey
9/8/2019,13040626,Matthew Stafford,QB,Matthew,Stafford,M. Stafford
9/8/2019,13041391,Matt Sokol,TE,Matt,Sokol,M. Sokol
9/8/2019,13040612,Matt Schaub,QB,Matt,Schaub,M. Schaub
9/8/2019,13040600,Matt Ryan,QB,Matt,Ryan,M. Ryan
9/8/2019,13041865,Matt Orzech,TE,Matt,Orzech,M. Orzech
9/8/2019,13268489,Matt Moore,QB,Matt,Moore,M. Moore
9/8/2019,13041222,Matt Flanagan,TE,Matt,Flanagan,M. Flanagan
9/8/2019,13041720,Matt Colburn,RB,Matt,Colburn,M. Colburn
9/8/2019,13041276,Matt Breida,RB,Matt,Breida,M. Breida
9/8/2019,13040732,Matt Barkley,QB,Matt,Barkley,M. Barkley
9/8/2019,13041051,Mason Schreck,TE,Mason,Schreck,M. Schreck
9/8/2019,13040696,Marvin Jones Jr.,WR,Marvin,Jones Jr.,M. Jones Jr.
9/8/2019,13040750,Marquise Goodwin,WR,Marquise,Goodwin,M. Goodwin
9/8/2019,13041827,Marquise Brown,WR,Marquise,Brown,M. Brown
9/8/2019,13040885,Marqise Lee,WR,Marqise,Lee,M. Lee
9/8/2019,13041562,Marlon Mack,RB,Marlon,Mack,M. Mack
9/8/2019,13040911,Marken Michel,WR,Marken,Michel,M. Michel
9/8/2019,13041621,Mark Walton,RB,Mark,Walton,M. Walton
9/8/2019,13041753,Mark Thompson,RB,Mark,Thompson,M. Thompson
9/8/2019,13040677,Mark Ingram II,RB,Mark,Ingram II,M. Ingram II
9/8/2019,13041329,Mark Andrews,TE,Mark,Andrews,M. Andrews
9/8/2019,13041759,Marcus Simms,WR,Marcus,Simms,M. Simms
9/8/2019,13040804,Marcus Murphy,RB,Marcus,Murphy,M. Murphy
9/8/2019,13041636,Marcus Marshall,RB,Marcus,Marshall,M. Marshall
9/8/2019,13040950,Marcus Mariota,QB,Marcus,Mariota,M. Mariota
9/8/2019,13041226,Marcus Kemp,WR,Marcus,Kemp,M. Kemp
9/8/2019,13041023,Marcus Johnson,WR,Marcus,Johnson,M. Johnson
9/8/2019,13041350,Marcus Green,RB,Marcus,Green,M. Green
9/8/2019,13041142,Marcus Baugh,TE,Marcus,Baugh,M. Baugh
9/8/2019,13041410,Malik Turner,WR,Malik,Turner,M. Turner
9/8/2019,13041619,Malik Henry,WR,Malik,Henry,M. Henry
9/8/2019,13040909,Malcolm Brown,RB,Malcolm,Brown,M. Brown
9/8/2019,13041103,Mack Hollins,WR,Mack,Hollins,M. Hollins
9/8/2019,13040635,Luke Stocker,TE,Luke,Stocker,L. Stocker
9/8/2019,13041269,Luke Falk,QB,Luke,Falk,L. Falk
9/8/2019,13041149,Logan Woodside,QB,Logan,Woodside,L. Woodside
9/8/2019,13040752,Logan Thomas,TE,Logan,Thomas,L. Thomas
9/8/2019,13040620,Logan Paulsen,TE,Logan,Paulsen,L. Paulsen
9/8/2019,13040571,Lions ,DST,Lions,,Lions
9/8/2019,13040743,Levine Toilolo,TE,Levine,Toilolo,L. Toilolo
9/8/2019,13040785,Le'Veon Bell,RB,Le'Veon,Bell,L. Bell
9/8/2019,13040648,LeSean McCoy,RB,LeSean,McCoy,L. McCoy
9/8/2019,13041354,Leonard Fournette,RB,Leonard,Fournette,L. Fournette
9/8/2019,13040633,Lee Smith,TE,Lee,Smith,L. Smith
9/8/2019,13040609,Larry Fitzgerald,WR,Larry,Fitzgerald,L. Fitzgerald
9/8/2019,13041258,Laquon Treadwell,WR,Laquon,Treadwell,L. Treadwell
9/8/2019,13041255,Lance Lenoir Jr.,WR,Lance,Lenoir Jr.,L. Lenoir Jr.
9/8/2019,13041638,Lamar Jackson,QB,Lamar,Jackson,L. Jackson
9/8/2019,13041661,Kyler Murray,QB,Kyler,Murray,K. Murray
9/8/2019,13041042,Kyle Sloter,QB,Kyle,Sloter,K. Sloter
9/8/2019,13041662,Kyle Shurmur,QB,Kyle,Shurmur,K. Shurmur
9/8/2019,13040720,Kyle Rudolph,TE,Kyle,Rudolph,K. Rudolph
9/8/2019,13040629,Kyle Nelson,TE,Kyle,Nelson,K. Nelson
9/8/2019,13041288,Kyle Lauletta,QB,Kyle,Lauletta,K. Lauletta
9/8/2019,13040737,Kyle Juszczyk,RB,Kyle,Juszczyk,K. Juszczyk
9/8/2019,13041364,Kyle Allen,QB,Kyle,Allen,K. Allen
9/8/2019,13041147,Kurt Benkert,QB,Kurt,Benkert,K. Benkert
9/8/2019,13041839,Krishawn Hogan,WR,Krishawn,Hogan,K. Hogan
9/8/2019,13040669,Kirk Cousins,QB,Kirk,Cousins,K. Cousins
9/8/2019,13041483,Khari Blasingame,RB,Khari,Blasingame,K. Blasingame
9/8/2019,13041305,KhaDarel Hodge,WR,KhaDarel,Hodge,K. Hodge
9/8/2019,13041136,Kevin White,WR,Kevin,White,K. White
9/8/2019,13040707,Kevin McDermott,TE,Kevin,McDermott,K. McDermott
9/8/2019,13041675,Kerryon Johnson,RB,Kerryon,Johnson,K. Johnson
9/8/2019,13041056,Kenyan Drake,RB,Kenyan,Drake,K. Drake
9/8/2019,13040783,Kenny Stills,WR,Kenny,Stills,K. Stills
9/8/2019,13041093,Kenny Golladay,WR,Kenny,Golladay,K. Golladay
9/8/2019,13040967,Kenneth Farrow,RB,Kenneth,Farrow,K. Farrow
9/8/2019,13041037,Kenneth Dixon,RB,Kenneth,Dixon,K. Dixon
9/8/2019,13040687,Kenjon Barner,RB,Kenjon,Barner,K. Barner
9/8/2019,13041301,Kendrick Bourne,WR,Kendrick,Bourne,K. Bourne
9/8/2019,13041471,Kendall Blanton,TE,Kendall,Blanton,K. Blanton
9/8/2019,13041789,Kelvin Harmon,WR,Kelvin,Harmon,K. Harmon
9/8/2019,13041193,Keith Towbridge,TE,Keith,Towbridge,K. Towbridge
9/8/2019,13268496,Keith Smith,RB,Keith,Smith,K. Smith
9/8/2019,13041537,KeeSean Johnson,WR,KeeSean,Johnson,K. Johnson
9/8/2019,13041875,Keenen Brown,TE,Keenen,Brown,K. Brown
9/8/2019,13041072,Keenan Reynolds,WR,Keenan,Reynolds,K. Reynolds
9/8/2019,13040827,Keenan Allen,WR,Keenan,Allen,K. Allen
9/8/2019,13041316,Keelan Cole,WR,Keelan,Cole,K. Cole
9/8/2019,13041242,Kareem Hunt,RB,Kareem,Hunt,K. Hunt
9/8/2019,13041035,Kalif Raymond,WR,Kalif,Raymond,K. Raymond
9/8/2019,13041327,Kalen Ballage,RB,Kalen,Ballage,K. Ballage
9/8/2019,13041591,Kahlil Lewis,WR,Kahlil,Lewis,K. Lewis
9/8/2019,13041801,Kaden Smith,TE,Kaden,Smith,K. Smith
9/8/2019,13040913,K.J. Brent,WR,K.J.,Brent,K. Brent
9/8/2019,13041437,Justin Watson,WR,Justin,Watson,J. Watson
9/8/2019,13041628,Justin Johnson,TE,Justin,Johnson,J. Johnson
9/8/2019,13041418,Justin Jackson,RB,Justin,Jackson,J. Jackson
9/8/2019,13040829,Justin Hardy,WR,Justin,Hardy,J. Hardy
9/8/2019,13041128,Justin Davis,RB,Justin,Davis,J. Davis
9/8/2019,13041295,Justice Liggins,WR,Justice,Liggins,J. Liggins
9/8/2019,13041797,Justice Hill,RB,Justice,Hill,J. Hill
9/8/2019,13040679,Julio Jones,WR,Julio,Jones,J. Jones
9/8/2019,13040953,Joshua Perkins,TE,Joshua,Perkins,J. Perkins
9/8/2019,13040974,Josh Woodrum,QB,Josh,Woodrum,J. Woodrum
9/8/2019,13041618,Josh Rosen,QB,Josh,Rosen,J. Rosen
9/8/2019,13041365,Josh Reynolds,WR,Josh,Reynolds,J. Reynolds
9/8/2019,13041682,Josh Oliver,TE,Josh,Oliver,J. Oliver
9/8/2019,13268486,Josh McCown,QB,Josh,McCown,J. McCown
9/8/2019,13041325,Josh Malone,WR,Josh,Malone,J. Malone
9/8/2019,13268488,Josh Johnson,QB,Josh,Johnson,J. Johnson
9/8/2019,13040868,Josh Doctson,WR,Josh,Doctson,J. Doctson
9/8/2019,13041889,Josh Caldwell,RB,Josh,Caldwell,J. Caldwell
9/8/2019,13040812,Josh Bellamy,WR,Josh,Bellamy,J. Bellamy
9/8/2019,13041613,Josh Allen,QB,Josh,Allen,J. Allen
9/8/2019,13041722,Josh Adams,RB,Josh,Adams,J. Adams
9/8/2019,13041614,Joseph Parker,WR,Joseph,Parker,J. Parker
9/8/2019,13041265,Jordan Wilkins,RB,Jordan,Wilkins,J. Wilkins
9/8/2019,13041765,Jordan Veasy,WR,Jordan,Veasy,J. Veasy
9/8/2019,13040792,Jordan Taylor,WR,Jordan,Taylor,J. Taylor
9/8/2019,13041653,Jordan Scarlett,RB,Jordan,Scarlett,J. Scarlett
9/8/2019,13040754,Jordan Reed,TE,Jordan,Reed,J. Reed
9/8/2019,13040819,Jordan Matthews,WR,Jordan,Matthews,J. Matthews
9/8/2019,13041163,Jordan Leggett,TE,Jordan,Leggett,J. Leggett
9/8/2019,13041564,Jordan Lasley,WR,Jordan,Lasley,J. Lasley
9/8/2019,13041284,Jordan Howard,RB,Jordan,Howard,J. Howard
9/8/2019,13041535,Jordan Franks,TE,Jordan,Franks,J. Franks
9/8/2019,13041506,Jordan Ellis,RB,Jordan,Ellis,J. Ellis
9/8/2019,13041210,Jordan Chunn,RB,Jordan,Chunn,J. Chunn
9/8/2019,13041445,Jon'Vea Johnson,WR,Jon'Vea,Johnson,J. Johnson
9/8/2019,13041204,Jonnu Smith,TE,Jonnu,Smith,J. Smith
9/8/2019,13041045,Jonathan Williams,RB,Jonathan,Williams,J. Williams
9/8/2019,13041331,Jonathan Lloyd,WR,Jonathan,Lloyd,J. Lloyd
9/8/2019,13041455,Jonathan Duhart,WR,Jonathan,Duhart,J. Duhart
9/8/2019,13041489,Jon Hilliman,RB,Jon,Hilliman,J. Hilliman
9/8/2019,13041039,JoJo Natson,WR,JoJo,Natson,J. Natson
9/8/2019,13041185,Johnny Mundt,TE,Johnny,Mundt,J. Mundt
9/8/2019,13041508,John Wolford,QB,John,Wolford,J. Wolford
9/8/2019,13041738,John Ursua,WR,John,Ursua,J. Ursua
9/8/2019,13041250,John Ross III,WR,John,Ross III,J. Ross III
9/8/2019,13041436,John Lovett,QB,John,Lovett,J. Lovett
9/8/2019,13041659,John Kelly,RB,John,Kelly,J. Kelly
9/8/2019,13040724,John Brown,WR,John,Brown,J. Brown
9/8/2019,13041335,Joe Mixon,RB,Joe,Mixon,J. Mixon
9/8/2019,13041887,Joe Horn Jr.,WR,Joe,Horn Jr.,J. Horn Jr.
9/8/2019,13041885,Jody Fortson,TE,Jody,Fortson,J. Fortson
9/8/2019,13041732,JJ Arcega-Whiteside,WR,JJ,Arcega-Whiteside,J. Arcega-Whiteside
9/8/2019,13040818,Jimmy Garoppolo,QB,Jimmy,Garoppolo,J. Garoppolo
9/8/2019,13040579,Jets ,DST,Jets,,Jets
9/8/2019,13040991,Jesse James,TE,Jesse,James,J. James
9/8/2019,13040766,Jerome Cunningham,TE,Jerome,Cunningham,J. Cunningham
9/8/2019,13040691,Jermaine Kearse,WR,Jermaine,Kearse,J. Kearse
9/8/2019,13040845,Jerick McKinnon,RB,Jerick,McKinnon,J. McKinnon
9/8/2019,13041043,Jeremy Sprinkle,TE,Jeremy,Sprinkle,J. Sprinkle
9/8/2019,13041519,Jeremy McNichols,RB,Jeremy,McNichols,J. McNichols
9/8/2019,13041601,Jeremy Cox,RB,Jeremy,Cox,J. Cox
9/8/2019,13041077,Jehu Chesson,WR,Jehu,Chesson,J. Chesson
9/8/2019,13041449,Jeff Wilson Jr.,RB,Jeff,Wilson Jr.,J. Wilson Jr.
9/8/2019,13041694,Jeff Smith,WR,Jeff,Smith,J. Smith
9/8/2019,13040870,Jeff Driskel,QB,Jeff,Driskel,J. Driskel
9/8/2019,13041244,Jeff Badet,WR,Jeff,Badet,J. Badet
9/8/2019,13041572,Jazz Ferguson,WR,Jazz,Ferguson,J. Ferguson
9/8/2019,13041639,Jaylen Smith,WR,Jaylen,Smith,J. Smith
9/8/2019,13041066,Jaydon Mickens,WR,Jaydon,Mickens,J. Mickens
9/8/2019,13040595,Jason Witten,TE,Jason,Witten,J. Witten
9/8/2019,13041303,Jason Vander Laan,TE,Jason,Vander Laan,J. Vander Laan
9/8/2019,13041881,Jason Moore,WR,Jason,Moore,J. Moore
9/8/2019,13041013,Jason Croom,TE,Jason,Croom,J. Croom
9/8/2019,13040855,Jarvis Landry,WR,Jarvis,Landry,J. Landry
9/8/2019,13040703,Jaron Brown,WR,Jaron,Brown,J. Brown
9/8/2019,13040713,Jarius Wright,WR,Jarius,Wright,J. Wright
9/8/2019,13041127,Jared Goff,QB,Jared,Goff,J. Goff
9/8/2019,13040836,Jamize Olawale,RB,Jamize,Olawale,J. Olawale
9/8/2019,13040888,Jamison Crowder,WR,Jamison,Crowder,J. Crowder
9/8/2019,13040722,James Winchester,TE,James,Winchester,J. Winchester
9/8/2019,13040794,James O'Shaughnessy,TE,James,O'Shaughnessy,J. O'Shaughnessy
9/8/2019,13041027,Jameis Winston,QB,Jameis,Winston,J. Winston
9/8/2019,13041502,Jamal Custis,WR,Jamal,Custis,J. Custis
9/8/2019,13041362,Jalin Moore,RB,Jalin,Moore,J. Moore
9/8/2019,13041857,Jalen Tolliver,WR,Jalen,Tolliver,J. Tolliver
9/8/2019,13041323,Jalen Hurd,WR,Jalen,Hurd,J. Hurd
9/8/2019,13041726,Jalen Guyton,WR,Jalen,Guyton,J. Guyton
9/8/2019,13041372,Jalen Greene,WR,Jalen,Greene,J. Greene
9/8/2019,13041771,Jaleel Scott,WR,Jaleel,Scott,J. Scott
9/8/2019,13040919,Jakeem Grant,WR,Jakeem,Grant,J. Grant
9/8/2019,13040973,Jake Rudock,QB,Jake,Rudock,J. Rudock
9/8/2019,13041744,Jake Dolegala,QB,Jake,Dolegala,J. Dolegala
9/8/2019,13041580,Jake Browning,QB,Jake,Browning,J. Browning
9/8/2019,13040588,Jaguars ,DST,Jaguars,,Jaguars
9/8/2019,13041156,Jaelen Strong,WR,Jaelen,Strong,J. Strong
9/8/2019,13041439,Jaeden Graham,TE,Jaeden,Graham,J. Graham
9/8/2019,13040945,Jacoby Brissett,QB,Jacoby,Brissett,J. Brissett
9/8/2019,13041089,Jacob Hollister,TE,Jacob,Hollister,J. Hollister
9/8/2019,13040726,Jack Doyle,TE,Jack,Doyle,J. Doyle
9/8/2019,13041033,J.P. Holtz,TE,J.P.,Holtz,J. Holtz
9/8/2019,13041863,J.J. Jones,WR,J.J.,Jones,J. Jones
9/8/2019,13040957,J.D. McKissic,RB,J.D.,McKissic,J. McKissic
9/8/2019,13041459,Ito Smith,RB,Ito,Smith,I. Smith
9/8/2019,13041177,Ishmael Hyman,WR,Ishmael,Hyman,I. Hyman
9/8/2019,13041624,Isaiah Searight,TE,Isaiah,Searight,I. Searight
9/8/2019,13041375,Isaiah McKenzie,WR,Isaiah,McKenzie,I. McKenzie
9/8/2019,13041509,Isaiah Ford,WR,Isaiah,Ford,I. Ford
9/8/2019,13041775,Isaac Nauta,TE,Isaac,Nauta,I. Nauta
9/8/2019,13041815,Irv Smith Jr.,TE,Irv,Smith Jr.,I. Smith Jr.
9/8/2019,13041811,Ian Thomas,TE,Ian,Thomas,I. Thomas
9/8/2019,13041453,Hunter Sharp,WR,Hunter,Sharp,H. Sharp
9/8/2019,13041212,Hunter Henry,TE,Hunter,Henry,H. Henry
9/8/2019,13041684,Hayden Hurst,TE,Hayden,Hurst,H. Hurst
9/8/2019,13041710,Hale Hentges,TE,Hale,Hentges,H. Hentges
9/8/2019,13041690,Hakeem Butler,WR,Hakeem,Butler,H. Butler
9/8/2019,13041183,Gus Edwards,RB,Gus,Edwards,G. Edwards
9/8/2019,13041189,Greg Ward,WR,Greg,Ward,G. Ward
9/8/2019,13040606,Greg Olsen,TE,Greg,Olsen,G. Olsen
9/8/2019,13041761,Greg Dortch,WR,Greg,Dortch,G. Dortch
9/8/2019,13040655,Golden Tate,WR,Golden,Tate,G. Tate
9/8/2019,13040789,Giovani Bernard,RB,Giovani,Bernard,G. Bernard
9/8/2019,13040578,Giants ,DST,Giants,,Giants
9/8/2019,13040832,Geremy Davis,WR,Geremy,Davis,G. Davis
9/8/2019,13041539,Gerald Everett,TE,Gerald,Everett,G. Everett
9/8/2019,13041161,George Kittle,TE,George,Kittle,G. Kittle
9/8/2019,13041130,Geoff Swaim,TE,Geoff,Swaim,G. Swaim
9/8/2019,13040770,Geno Smith,QB,Geno,Smith,G. Smith
9/8/2019,13040999,Gehrig Dieter,WR,Gehrig,Dieter,G. Dieter
9/8/2019,13041634,Gary Jennings,WR,Gary,Jennings,G. Jennings
9/8/2019,13040749,Garrett Gilbert,QB,Garrett,Gilbert,G. Gilbert
9/8/2019,13041416,Garrett Dickerson,TE,Garrett,Dickerson,G. Dickerson
9/8/2019,13040666,Garrett Celek,TE,Garrett,Celek,G. Celek
9/8/2019,13041603,Gardner Minshew II,QB,Gardner,Minshew II,G. Minshew II
9/8/2019,13040747,Gabe Holmes,TE,Gabe,Holmes,G. Holmes
9/8/2019,13041556,Fred Trevillion,WR,Fred,Trevillion,F. Trevillion
9/8/2019,13040590,Frank Gore,RB,Frank,Gore,F. Gore
9/8/2019,13041716,Felton Davis,WR,Felton,Davis,F. Davis
9/8/2019,13040566,Falcons ,DST,Falcons,,Falcons
9/8/2019,13041144,Ezekiel Elliott,RB,Ezekiel,Elliott,E. Elliott
9/8/2019,13041263,Evan Engram,TE,Evan,Engram,E. Engram
9/8/2019,13041339,Ethan Wolf,TE,Ethan,Wolf,E. Wolf
9/8/2019,13040816,Eric Tomlinson,TE,Eric,Tomlinson,E. Tomlinson
9/8/2019,13041062,Eric Saubert,TE,Eric,Saubert,E. Saubert
9/8/2019,13040925,Eric Ebron,TE,Eric,Ebron,E. Ebron
9/8/2019,13040943,Elijhaa Penny,RB,Elijhaa,Penny,E. Penny
9/8/2019,13041181,Elijah Wellman,RB,Elijah,Wellman,E. Wellman
9/8/2019,13041173,Elijah McGuire,RB,Elijah,McGuire,E. McGuire
9/8/2019,13041793,Elijah Holyfield,RB,Elijah,Holyfield,E. Holyfield
9/8/2019,13040608,Eli Manning,QB,Eli,Manning,E. Manning
9/8/2019,13040618,Ed Dickson,TE,Ed,Dickson,E. Dickson
9/8/2019,13041429,Easton Stick,QB,Easton,Stick,E. Stick
9/8/2019,13040580,Eagles ,DST,Eagles,,Eagles
9/8/2019,13041252,Dylan Cantrell,WR,Dylan,Cantrell,D. Cantrell
9/8/2019,13041824,Dwayne Haskins Jr.,QB,Dwayne,Haskins Jr.,D. Haskins Jr.
9/8/2019,13040705,Dwayne Allen,TE,Dwayne,Allen,D. Allen
9/8/2019,13041274,Durham Smythe,TE,Durham,Smythe,D. Smythe
9/8/2019,13041393,Duke Williams,WR,Duke,Williams,D. Williams
9/8/2019,13041028,Duke Johnson,RB,Duke,Johnson,D. Johnson
9/8/2019,13040599,Drew Stanton,QB,Drew,Stanton,D. Stanton
9/8/2019,13041527,Drew Sample,TE,Drew,Sample,D. Sample
9/8/2019,13041404,Drew Belcher,TE,Drew,Belcher,D. Belcher
9/8/2019,13041819,Drew Anderson,QB,Drew,Anderson,D. Anderson
9/8/2019,13041467,Dorian Baker,WR,Dorian,Baker,D. Baker
9/8/2019,13268494,Dontrelle Inman,WR,Dontrelle,Inman,D. Inman
9/8/2019,13041346,Dontrell Hilliard,RB,Dontrell,Hilliard,D. Hilliard
9/8/2019,13041700,Dontae Strickland,RB,Dontae,Strickland,D. Strickland
9/8/2019,13041558,Donnie Ernsberger,TE,Donnie,Ernsberger,D. Ernsberger
9/8/2019,13041228,Donnel Pumphrey,RB,Donnel,Pumphrey,D. Pumphrey
9/8/2019,13041626,Donald Parham Jr.,TE,Donald,Parham Jr.,D. Parham Jr.
9/8/2019,13040576,Dolphins ,DST,Dolphins,,Dolphins
9/8/2019,13041822,DK Metcalf,WR,DK,Metcalf,D. Metcalf
9/8/2019,13041643,DJ Moore,WR,DJ,Moore,D. Moore
9/8/2019,13041352,DJ Chark Jr.,WR,DJ,Chark Jr.,D. Chark Jr.
9/8/2019,13040733,Dion Lewis,RB,Dion,Lewis,D. Lewis
9/8/2019,13041755,Dillon Mitchell,WR,Dillon,Mitchell,D. Mitchell
9/8/2019,13040871,Devonta Freeman,RB,Devonta,Freeman,D. Freeman
9/8/2019,13268502,Devine Ozigbo,RB,Devine,Ozigbo,D. Ozigbo
9/8/2019,13040929,Devin Smith,WR,Devin,Smith,D. Smith
9/8/2019,13041783,Devin Singletary,RB,Devin,Singletary,D. Singletary
9/8/2019,13041763,Devin Gray,WR,Devin,Gray,D. Gray
9/8/2019,13041081,Devin Funchess,WR,Devin,Funchess,D. Funchess
9/8/2019,13040898,DeVante Parker,WR,DeVante,Parker,D. Parker
9/8/2019,13041451,Detrez Newsome,RB,Detrez,Newsome,D. Newsome
9/8/2019,13040622,DeSean Jackson,WR,DeSean,Jackson,D. Jackson
9/8/2019,13041574,Derrius Guice,RB,Derrius,Guice,D. Guice
9/8/2019,13041187,Derrick Willies,WR,Derrick,Willies,D. Willies
9/8/2019,13041152,Derrick Henry,RB,Derrick,Henry,D. Henry
9/8/2019,13041708,Derrick Gore,RB,Derrick,Gore,D. Gore
9/8/2019,13041546,D'Ernest Johnson,RB,D'Ernest,Johnson,D. Johnson
9/8/2019,13040939,Derek Watt,RB,Derek,Watt,D. Watt
9/8/2019,13041825,Deontez Alexander,WR,Deontez,Alexander,D. Alexander
9/8/2019,13040646,Deonte Thompson,WR,Deonte,Thompson,D. Thompson
9/8/2019,13041740,Deontay Burnett,WR,Deontay,Burnett,D. Burnett
9/8/2019,13041282,Deon Yelder,TE,Deon,Yelder,D. Yelder
9/8/2019,13041606,Deon Cain,WR,Deon,Cain,D. Cain
9/8/2019,13040900,Demetrius Harris,TE,Demetrius,Harris,D. Harris
9/8/2019,13041125,Demarcus Robinson,WR,Demarcus,Robinson,D. Robinson
9/8/2019,13040604,Delanie Walker,TE,Delanie,Walker,D. Walker
9/8/2019,13041745,De'Lance Turner,RB,De'Lance,Turner,D. Turner
9/8/2019,13041475,Deebo Samuel,WR,Deebo,Samuel,D. Samuel
9/8/2019,13041585,Dede Westbrook,WR,Dede,Westbrook,D. Westbrook
9/8/2019,13040902,De'Angelo Henderson,RB,De'Angelo,Henderson,D. Henderson
9/8/2019,13040825,DeAndrew White,WR,DeAndrew,White,D. White
9/8/2019,13041342,DeAndre Thompkins,WR,DeAndre,Thompkins,D. Thompkins
9/8/2019,13041712,Dawson Knox,TE,Dawson,Knox,D. Knox
9/8/2019,13041232,Davon Grayson,WR,Davon,Grayson,D. Grayson
9/8/2019,13041158,Davis Webb,QB,Davis,Webb,D. Webb
9/8/2019,13041749,Davion Davis,WR,Davion,Davis,D. Davis
9/8/2019,13041230,David Wells,TE,David,Wells,D. Wells
9/8/2019,13041597,David Sills V,WR,David,Sills V,D. Sills V
9/8/2019,13041434,David Njoku,TE,David,Njoku,D. Njoku
9/8/2019,13040975,David Morgan,TE,David,Morgan,D. Morgan
9/8/2019,13041835,David Moore,WR,David,Moore,D. Moore
9/8/2019,13040796,David Johnson,RB,David,Johnson,D. Johnson
9/8/2019,13040834,David Fluellen,RB,David,Fluellen,D. Fluellen
9/8/2019,13040765,David Fales,QB,David,Fales,D. Fales
9/8/2019,13041341,David Blough,QB,David,Blough,D. Blough
9/8/2019,13041853,Darwin Thompson,RB,Darwin,Thompson,D. Thompson
9/8/2019,13041206,Darvin Kidsy Jr.,WR,Darvin,Kidsy Jr.,D. Kidsy Jr.
9/8/2019,13040593,Darren Sproles,RB,Darren,Sproles,D. Sproles
9/8/2019,13041777,Darrell Henderson Jr.,RB,Darrell,Henderson Jr.,D. Henderson Jr.
9/8/2019,13041248,Darrell Daniels,TE,Darrell,Daniels,D. Daniels
9/8/2019,13041360,Darrel Williams,RB,Darrel,Williams,D. Williams
9/8/2019,13041677,Darius Slayton,WR,Darius,Slayton,D. Slayton
9/8/2019,13040927,Darius Jennings,WR,Darius,Jennings,D. Jennings
9/8/2019,13041054,Darius Jackson,RB,Darius,Jackson,D. Jackson
9/8/2019,13041107,Dare Ogunbowale,RB,Dare,Ogunbowale,D. Ogunbowale
9/8/2019,13041525,Dante Pettis,WR,Dante,Pettis,D. Pettis
9/8/2019,13040613,Danny Amendola,WR,Danny,Amendola,D. Amendola
9/8/2019,13041299,Daniel Williams,WR,Daniel,Williams,D. Williams
9/8/2019,13041663,Daniel Jones,QB,Daniel,Jones,D. Jones
9/8/2019,13041333,Daniel Helm,TE,Daniel,Helm,D. Helm
9/8/2019,13040840,Daniel Brown,TE,Daniel,Brown,D. Brown
9/8/2019,13041742,Dan Godsil,TE,Dan,Godsil,D. Godsil
9/8/2019,13041867,Damon Sheehy-Guiseppi,WR,Damon,Sheehy-Guiseppi,D. Sheehy-Guiseppi
9/8/2019,13041831,Damion Willis,WR,Damion,Willis,D. Willis
9/8/2019,13041578,Damion Ratley,WR,Damion,Ratley,D. Ratley
9/8/2019,13041702,Damion Jeanpiere Jr.,WR,Damion,Jeanpiere Jr.,D. Jeanpiere Jr.
9/8/2019,13040915,Damiere Byrd,WR,Damiere,Byrd,D. Byrd
9/8/2019,13041021,Damien Williams,RB,Damien,Williams,D. Williams
9/8/2019,13041714,DaMarkus Lodge,WR,DaMarkus,Lodge,D. Lodge
9/8/2019,13041289,Da'Mari Scott,WR,Da'Mari,Scott,D. Scott
9/8/2019,13041260,Dalyn Dawkins,RB,Dalyn,Dawkins,D. Dawkins
9/8/2019,13041387,Dalvin Cook,RB,Dalvin,Cook,D. Cook
9/8/2019,13041408,Dalton Schultz,TE,Dalton,Schultz,D. Schultz
9/8/2019,13041318,Dallas Goedert,TE,Dallas,Goedert,D. Goedert
9/8/2019,13040864,Dak Prescott,QB,Dak,Prescott,D. Prescott
9/8/2019,13041847,D.J. Montgomery,WR,D.J.,Montgomery,D. Montgomery
9/8/2019,13040995,D.J. Foster,RB,D.J.,Foster,D. Foster
9/8/2019,13041344,Curtis Samuel,WR,Curtis,Samuel,C. Samuel
9/8/2019,13041883,Craig Reynolds,RB,Craig,Reynolds,C. Reynolds
9/8/2019,13040570,Cowboys ,DST,Cowboys,,Cowboys
9/8/2019,13041730,Cortrelle Simpson,WR,Cortrelle,Simpson,C. Simpson
9/8/2019,13041150,Corey Davis,WR,Corey,Davis,C. Davis
9/8/2019,13041068,Corey Coleman,WR,Corey,Coleman,C. Coleman
9/8/2019,13041202,Corey Clement,RB,Corey,Clement,C. Clement
9/8/2019,13041053,Cooper Rush,QB,Cooper,Rush,C. Rush
9/8/2019,13041099,Cooper Kupp,WR,Cooper,Kupp,C. Kupp
9/8/2019,13040573,Colts ,DST,Colts,,Colts
9/8/2019,13040624,Colt McCoy,QB,Colt,McCoy,C. McCoy
9/8/2019,13041115,Cole Wick,TE,Cole,Wick,C. Wick
9/8/2019,13041236,Cole Hunt,TE,Cole,Hunt,C. Hunt
9/8/2019,13041097,Cole Hikutini,TE,Cole,Hikutini,C. Hikutini
9/8/2019,13041423,Cole Herdman,TE,Cole,Herdman,C. Herdman
9/8/2019,13040693,Cole Beasley,WR,Cole,Beasley,C. Beasley
9/8/2019,13041447,Cody Thompson,WR,Cody,Thompson,C. Thompson
9/8/2019,13040965,Cody Latimer,WR,Cody,Latimer,C. Latimer
9/8/2019,13040865,Cody Kessler,QB,Cody,Kessler,C. Kessler
9/8/2019,13041087,Cody Hollister,WR,Cody,Hollister,C. Hollister
9/8/2019,13041060,Cody Core,WR,Cody,Core,C. Core
9/8/2019,13041751,Codey McElroy,TE,Codey,McElroy,C. McElroy
9/8/2019,13040808,Clive Walford,TE,Clive,Walford,C. Walford
9/8/2019,13041420,Clayton Thorson,QB,Clayton,Thorson,C. Thorson
9/8/2019,13040601,Clark Harris,TE,Clark,Harris,C. Harris
9/8/2019,13041859,Christopher Ezeala,RB,Christopher,Ezeala,C. Ezeala
9/8/2019,13041869,Christian Wade,RB,Christian,Wade,C. Wade
9/8/2019,13041406,Christian McCaffrey,RB,Christian,McCaffrey,C. McCaffrey
9/8/2019,13041576,Christian Kirk,WR,Christian,Kirk,C. Kirk
9/8/2019,13041515,Christian Blake,WR,Christian,Blake,C. Blake
9/8/2019,13040758,Chris Thompson,RB,Chris,Thompson,C. Thompson
9/8/2019,13041533,Chris Myarick,TE,Chris,Myarick,C. Myarick
9/8/2019,13040941,Chris Moore,WR,Chris,Moore,C. Moore
9/8/2019,13040843,Chris Manhertz,TE,Chris,Manhertz,C. Manhertz
9/8/2019,13041469,Chris Lacy,WR,Chris,Lacy,C. Lacy
9/8/2019,13040849,Chris Hogan,WR,Chris,Hogan,C. Hogan
9/8/2019,13041432,Chris Herndon,TE,Chris,Herndon,C. Herndon
9/8/2019,13041463,Chris Godwin,WR,Chris,Godwin,C. Godwin
9/8/2019,13040862,Chris Conley,WR,Chris,Conley,C. Conley
9/8/2019,13041688,Chris Carson,RB,Chris,Carson,C. Carson
9/8/2019,13040574,Chiefs ,DST,Chiefs,,Chiefs
9/8/2019,13041105,Chester Rogers,WR,Chester,Rogers,C. Rogers
9/8/2019,13041612,Chase Litton,QB,Chase,Litton,C. Litton
9/8/2019,13041443,Chase Edmonds,RB,Chase,Edmonds,C. Edmonds
9/8/2019,13040894,Charone Peake,WR,Charone,Peake,C. Peake
9/8/2019,13041529,Charles Scarff,TE,Charles,Scarff,C. Scarff
9/8/2019,13041348,Charles Jones,TE,Charles,Jones,C. Jones
9/8/2019,13040642,Charles Johnson,WR,Charles,Johnson,C. Johnson
9/8/2019,13040657,Charles Clay,TE,Charles,Clay,C. Clay
9/8/2019,13040582,Chargers ,DST,Chargers,,Chargers
9/8/2019,13041595,Chandler Cox,RB,Chandler,Cox,C. Cox
9/8/2019,13041310,Chad Williams,WR,Chad,Williams,C. Williams
9/8/2019,13041001,Chad Kelly,QB,Chad,Kelly,C. Kelly
9/8/2019,13041309,Chad Kanoff,QB,Chad,Kanoff,C. Kanoff
9/8/2019,13040615,Chad Henne,QB,Chad,Henne,C. Henne
9/8/2019,13041240,Chad Beebe,WR,Chad,Beebe,C. Beebe
9/8/2019,13041140,Cethan Carter,TE,Cethan,Carter,C. Carter
9/8/2019,13041767,Cedrick Wilson,WR,Cedrick,Wilson,C. Wilson
9/8/2019,13040637,Case Keenum,QB,Case,Keenum,C. Keenum
9/8/2019,13040977,Carson Wentz,QB,Carson,Wentz,C. Wentz
9/8/2019,13041083,Carlton Agudosi,WR,Carlton,Agudosi,C. Agudosi
9/8/2019,13040787,Carlos Hyde,RB,Carlos,Hyde,C. Hyde
9/8/2019,13040581,Cardinals ,DST,Cardinals,,Cardinals
9/8/2019,13041002,Cardale Jones,QB,Cardale,Jones,C. Jones
9/8/2019,13040800,Cameron Brate,TE,Cameron,Brate,C. Brate
9/8/2019,13041543,Cameron Batson,WR,Cameron,Batson,C. Batson
9/8/2019,13041123,Cameron Artis-Payne,RB,Cameron,Artis-Payne,C. Artis-Payne
9/8/2019,13041395,Cam Sims,WR,Cam,Sims,C. Sims
9/8/2019,13041511,Cam Phillips,WR,Cam,Phillips,C. Phillips
9/8/2019,13040638,Cam Newton,QB,Cam,Newton,C. Newton
9/8/2019,13041706,Calvin Ridley,WR,Calvin,Ridley,C. Ridley
9/8/2019,13041803,Caleb Wilson,TE,Caleb,Wilson,C. Wilson
9/8/2019,13041485,Caleb Scott,WR,Caleb,Scott,C. Scott
9/8/2019,13041465,C.J. Worton,WR,C.J.,Worton,C. Worton
9/8/2019,13040873,C.J. Uzomah,TE,C.J.,Uzomah,C. Uzomah
9/8/2019,13041095,C.J. Prosise,RB,C.J.,Prosise,C. Prosise
9/8/2019,13041781,C.J. Ham,RB,C.J.,Ham,C. Ham
9/8/2019,13041610,C.J. Conrad,TE,C.J.,Conrad,C. Conrad
9/8/2019,13041070,C.J. Board,WR,C.J.,Board,C. Board
9/8/2019,13041030,C.J. Beathard,QB,C.J.,Beathard,C. Beathard
9/8/2019,13040946,C.J. Anderson,RB,C.J.,Anderson,C. Anderson
9/8/2019,13041773,Byron Pringle,WR,Byron,Pringle,B. Pringle
9/8/2019,13041009,Byron Marshall,RB,Byron,Marshall,B. Marshall
9/8/2019,13041200,Bucky Hodges,TE,Bucky,Hodges,B. Hodges
9/8/2019,13040585,Buccaneers ,DST,Buccaneers,,Buccaneers
9/8/2019,13041736,Bryce Love,RB,Bryce,Love,B. Love
9/8/2019,13041246,Bryant Mitchell,WR,Bryant,Mitchell,B. Mitchell
9/8/2019,13041747,Bruce Anderson III,RB,Bruce,Anderson III,B. Anderson III
9/8/2019,13040569,Browns ,DST,Browns,,Browns
9/8/2019,13040978,Brittan Golden,WR,Brittan,Golden,B. Golden
9/8/2019,13040689,Brice Butler,WR,Brice,Butler,B. Butler
9/8/2019,13040644,Brian Quick,WR,Brian,Quick,B. Quick
9/8/2019,13268487,Brian Hoyer,QB,Brian,Hoyer,B. Hoyer
9/8/2019,13041383,Brian Hill,RB,Brian,Hill,B. Hill
9/8/2019,13040857,Brett Hundley,QB,Brett,Hundley,B. Hundley
9/8/2019,13040997,Breshad Perriman,WR,Breshad,Perriman,B. Perriman
9/8/2019,13040875,Braxton Miller,WR,Braxton,Miller,B. Miller
9/8/2019,13268500,Braxton Berrios,WR,Braxton,Berrios,B. Berrios
9/8/2019,13041785,Brandon Zylstra,WR,Brandon,Zylstra,B. Zylstra
9/8/2019,13040989,Brandon Reilly,WR,Brandon,Reilly,B. Reilly
9/8/2019,13041321,Brandon Powell,WR,Brandon,Powell,B. Powell
9/8/2019,13041877,Brandon Dillon,TE,Brandon,Dillon,B. Dillon
9/8/2019,13040908,Brandon Allen,QB,Brandon,Allen,B. Allen
9/8/2019,13040951,Brandin Cooks,WR,Brandin,Cooks,B. Cooks
9/8/2019,13041272,Boston Scott,RB,Boston,Scott,B. Scott
9/8/2019,13041196,Bobo Wilson,WR,Bobo,Wilson,B. Wilson
9/8/2019,13041481,Bo Scarbrough,RB,Bo,Scarbrough,B. Scarbrough
9/8/2019,13041119,Blake Jarwin,TE,Blake,Jarwin,B. Jarwin
9/8/2019,13041031,Blake Jackson,WR,Blake,Jackson,B. Jackson
9/8/2019,13040842,Blake Bortles,QB,Blake,Bortles,B. Bortles
9/8/2019,13040781,Blake Bell,TE,Blake,Bell,B. Bell
9/8/2019,13040698,Blaine Gabbert,QB,Blaine,Gabbert,B. Gabbert
9/8/2019,13041841,Billy Brown,TE,Billy,Brown,B. Brown
9/8/2019,13040567,Bills ,DST,Bills,,Bills
9/8/2019,13040664,Bilal Powell,RB,Bilal,Powell,B. Powell
9/8/2019,13040735,Benny Cunningham,RB,Benny,Cunningham,B. Cunningham
9/8/2019,13040760,Bennie Fowler III,WR,Bennie,Fowler III,B. Fowler III
9/8/2019,13040568,Bengals ,DST,Bengals,,Bengals
9/8/2019,13040969,Ben Koyack,TE,Ben,Koyack,B. Koyack
9/8/2019,13040699,Beau Brinkley,TE,Beau,Brinkley,B. Brinkley
9/8/2019,13041254,Baker Mayfield,QB,Baker,Mayfield,B. Mayfield
9/8/2019,13041550,Austin Walter,RB,Austin,Walter,A. Walter
9/8/2019,13040937,Austin Traylor,TE,Austin,Traylor,A. Traylor
9/8/2019,13041377,Austin Proehl,WR,Austin,Proehl,A. Proehl
9/8/2019,13041175,Austin Hooper,TE,Austin,Hooper,A. Hooper
9/8/2019,13041314,Austin Ekeler,RB,Austin,Ekeler,A. Ekeler
9/8/2019,13041698,Auden Tate,WR,Auden,Tate,A. Tate
9/8/2019,13041879,Ashton Dulin,WR,Ashton,Dulin,A. Dulin
9/8/2019,13041400,Artavis Scott,WR,Artavis,Scott,A. Scott
9/8/2019,13041837,Antony Auclair,TE,Antony,Auclair,A. Auclair
9/8/2019,13041651,Antonio Callaway,WR,Antonio,Callaway,A. Callaway
9/8/2019,13041807,Antoine Wesley,WR,Antoine,Wesley,A. Wesley
9/8/2019,13040659,Anthony Sherman,RB,Anthony,Sherman,A. Sherman
9/8/2019,13041587,Anthony Ratliff-Williams,WR,Anthony,Ratliff-Williams,A. Ratliff-Williams
9/8/2019,13041820,Anthony Johnson,WR,Anthony,Johnson,A. Johnson
9/8/2019,13041307,Anthony Firkser,TE,Anthony,Firkser,A. Firkser
9/8/2019,13041111,Andy Jones,WR,Andy,Jones,A. Jones
9/8/2019,13041647,Andy Isabella,WR,Andy,Isabella,A. Isabella
9/8/2019,13040625,Andy Dalton,QB,Andy,Dalton,A. Dalton
9/8/2019,13041291,Andrew Vollert,TE,Andrew,Vollert,A. Vollert
9/8/2019,13040695,Andrew Luck,QB,Andrew,Luck,A. Luck
9/8/2019,13040631,Andre Roberts,WR,Andre,Roberts,A. Roberts
9/8/2019,13041224,Andre Patton,WR,Andre,Patton,A. Patton
9/8/2019,13041220,Andre Levrone,WR,Andre,Levrone,A. Levrone
9/8/2019,13040701,Andre Ellington,RB,Andre,Ellington,A. Ellington
9/8/2019,13040858,Ameer Abdullah,RB,Ameer,Abdullah,A. Abdullah
9/8/2019,13040983,Amari Cooper,WR,Amari,Cooper,A. Cooper
9/8/2019,13041079,Amara Darboh,WR,Amara,Darboh,A. Darboh
9/8/2019,13040745,Alshon Jeffery,WR,Alshon,Jeffery,A. Jeffery
9/8/2019,13041091,Alonzo Russell,WR,Alonzo,Russell,A. Russell
9/8/2019,13040779,Allen Hurns,WR,Allen,Hurns,A. Hurns
9/8/2019,13268490,Alfred Morris,RB,Alfred,Morris,A. Morris
9/8/2019,13040773,Alfred Blue,RB,Alfred,Blue,A. Blue
9/8/2019,13041813,Alexander Mattison,RB,Alexander,Mattison,A. Mattison
9/8/2019,13041843,Alexander Hollins,WR,Alexander,Hollins,A. Hollins
9/8/2019,13041541,Alex Wesley,WR,Alex,Wesley,A. Wesley
9/8/2019,13040980,Alex Tanney,QB,Alex,Tanney,A. Tanney
9/8/2019,13040603,Alex Smith,QB,Alex,Smith,A. Smith
9/8/2019,13041397,Alex McGough,QB,Alex,McGough,A. McGough
9/8/2019,13040771,Alex Gray,TE,Alex,Gray,A. Gray
9/8/2019,13040993,Alex Erickson,WR,Alex,Erickson,A. Erickson
9/8/2019,13041616,Alex Barnes,RB,Alex,Barnes,A. Barnes
9/8/2019,13041718,Alex Bachman,WR,Alex,Bachman,A. Bachman
9/8/2019,13041833,Alex Armah,RB,Alex,Armah,A. Armah
9/8/2019,13040662,Aldrick Robinson,WR,Aldrick,Robinson,A. Robinson
9/8/2019,13040823,Albert Wilson,WR,Albert,Wilson,A. Wilson
9/8/2019,13040616,Adrian Peterson,RB,Adrian,Peterson,A. Peterson
9/8/2019,13041159,Adam Thielen,WR,Adam,Thielen,A. Thielen
9/8/2019,13040892,Adam Humphries,WR,Adam,Humphries,A. Humphries
9/8/2019,13041669,Aca'Cedric Ware,RB,Aca'Cedric,Ware,A. Ware
9/8/2019,13041389,A.J. Richardson,WR,A.J.,Richardson,A. Richardson
9/8/2019,13041517,A.J. Ouellette,RB,A.J.,Ouellette,A. Ouellette
9/8/2019,13040685,A.J. Green,WR,A.J.,Green,A. Green
9/8/2019,13041817,A.J. Brown,WR,A.J.,Brown,A. Brown
9/8/2019,13040583,49ers ,DST,49ers,,49ers
